,Date,a,p,v,Alpha Counts
0,2024-01-01,0.9436081933535738,0.001568059269424,0.6148019922657372,2.8258753123068714
1,2024-01-02,0.9433397496232232,0.0014020869725359,0.6125530116487069,2.8269360774124572
2,2024-01-03,0.9430156639364808,0.0012677693891524,0.6100887471155695,2.828098472352156
3,2024-01-04,0.9427090168232944,0.0011105002485105,0.6074283733973497,2.8293628176214423
4,2024-01-05,0.9423981946896456,0.0009710259071992,0.6045592269216772,2.8307400354667402
5,2024-01-06,0.9420747865256992,0.0008325335530373,0.6014869723740824,2.832230387768246
6,2024-01-07,0.941713624168439,0.0006928937473039,0.5982247424589942,2.8338301028309276
7,2024-01-08,0.941339496128332,0.000540884967399,0.594780286296676,2.8355402383980297
8,2024-01-09,0.9409979516084048,0.0004260315058801,0.5911141031880877,2.837372082833328
9,2024-01-10,0.9405928628242324,0.0002957696656815,0.5872926119118298,2.8392699497879543
10,2024-01-11,0.9345106260151176,0.0022006387946298,0.5856950892457056,2.8395216139088757
11,2024-01-12,0.9341246422475996,0.0020697188595361,0.5814927014136297,2.8415617053420426
12,2024-01-13,0.9337769741851388,0.0019352888628629,0.5771030710777248,2.8436787162933714
13,2024-01-14,0.9334298406723944,0.0018170477407398,0.5725487265500974,2.8458982405228825
14,2024-01-15,0.9330764260429818,0.0017013496410308,0.5678103982371395,2.8482478819407944
15,2024-01-16,0.9327340679975435,0.0015861299063858,0.5629127468705815,2.8507257631459297
16,2024-01-17,0.932467115350446,0.0014828874170784,0.5578274117141268,2.8533616147359964
17,2024-01-18,0.9263580605221856,-0.0007069168423153,0.5551983510979045,2.8535999036254567
18,2024-01-19,0.9261232203824912,-0.0007880363725284,0.5498087054515364,2.856365549566995
19,2024-01-20,0.9258700766221568,-0.0009054325759683,0.5442521705675588,2.859307906810662
20,2024-01-21,0.919744276054172,0.0010998636284826,0.5412640157056239,2.8595899053280487
21,2024-01-22,0.9195413825345202,0.0010027537591823,0.535414622593657,2.862728483163187
22,2024-01-23,0.9193561305401882,0.0009159994048324,0.5294318029855122,2.8660476185259935
23,2024-01-24,0.9192316411631244,0.0008322831001385,0.5232972506695082,2.869533906205485
24,2024-01-25,0.9191382597438272,0.0007647600775989,0.5170184097032926,2.8731712612754063
25,2024-01-26,0.9190419347716808,0.0006956844816351,0.5106171827837672,2.8769440527087164
26,2024-01-27,0.9190143510248702,0.0006364930914871,0.5040500606364797,2.880897052253951
27,2024-01-28,0.918998990718468,0.000579162029583,0.4973559716895334,2.8849937572161677
28,2024-01-29,0.9190408699703309,0.0005458529736598,0.4905588076385188,2.8892369817363655
29,2024-01-30,0.9132904458506574,0.0026024063940685,0.4864780454857537,2.8900851105924343
30,2024-01-31,0.9133891043613596,0.0025480781005172,0.4794364733651802,2.894600906291194
31,2024-02-01,0.9135388457398496,0.0024998762707004,0.4722717704787892,2.8993737650117506
32,2024-02-02,0.9136898842596122,0.0024682777776706,0.4649804692968011,2.904355896861955
33,2024-02-03,0.9080289005248292,0.0002840051780152,0.4606018301163995,2.905510104288881
34,2024-02-04,0.9083047121936968,0.0002837521789464,0.453111241833413,2.91065214938646
35,2024-02-05,0.908610533661112,0.0002446182692373,0.445484485345507,2.9160576166533474
36,2024-02-06,0.9089667129241036,0.0002510790770473,0.4377553669762714,2.9217326652268074
37,2024-02-07,0.9093937468696172,0.0002574620140056,0.4299449398579555,2.927613890903738
38,2024-02-08,0.9039876706324376,0.0023871639979315,0.425154152642411,2.92942849270452
39,2024-02-09,0.904431060884416,0.0023931353263909,0.4171582598552814,2.935580402742631
40,2024-02-10,0.9049344005120648,0.002394889993194,0.4090762812961611,2.9419894379008125
41,2024-02-11,0.905557857053859,0.0024177311734495,0.4008495009156897,2.9487648366425496
42,2024-02-12,0.9061529665519156,0.0024150187796319,0.3925569704181543,2.955621960806726
43,2024-02-13,0.9009380243897368,0.0002424315292296,0.3874861133486295,2.957924825452536
44,2024-02-14,0.901617860627158,0.000296079462879,0.3790568340353087,2.9649993586036123
45,2024-02-15,0.9023992564416022,0.0003230439233628,0.370529968799421,2.972270006564798
46,2024-02-16,0.9031536115531908,0.0003794309647502,0.3619352303704233,2.979671844850684
47,2024-02-17,0.8981295481275473,0.0025648391957456,0.356644774302614,2.982356745589135
48,2024-02-18,0.8990213744379342,0.0026225619567587,0.3478954382534951,2.9899612402701066
49,2024-02-19,0.8999907904805607,0.0026688229210238,0.3390745397945171,2.9976694919727693
50,2024-02-20,0.9009491473388256,0.0027134023520458,0.3301787567010617,3.005453350193499
51,2024-02-21,0.896037720827934,0.0005792005773421,0.3247644776105188,3.007994821095865
52,2024-02-22,0.8971403255197307,0.0006379466057311,0.3157232025476983,3.0158471186788414
53,2024-02-23,0.8982676793303649,0.0007285491817145,0.3066482945827854,3.023806352090418
54,2024-02-24,0.899399054836554,0.0007898129547422,0.2975235397578557,3.031884479747618
55,2024-02-25,0.9005969319622016,0.0008874625514097,0.2883374582491858,3.04006280768717
56,2024-02-26,0.8959982090185826,0.0031311865996198,0.282692048810994,3.0425199849956446
57,2024-02-27,0.8972945664140988,0.0032077978115048,0.2733858284358572,3.0504963353540786
58,2024-02-28,0.898649032954722,0.0032657269841472,0.2640244672922903,3.058501325812736
59,2024-02-29,0.8940132510173301,0.0011845911347268,0.2584232751451874,3.060466953347915
60,2024-03-01,0.895410221337568,0.0012950213552977,0.2490025831901964,3.0685378834175854
61,2024-03-02,0.8968765622976488,0.001385948463128,0.2395051761822835,3.076713059858266
62,2024-03-03,0.8983987442737903,0.0014852925060352,0.2299688235800519,3.084898001406967
63,2024-03-04,0.899986455116628,0.0015634129583688,0.2203638357026127,3.0931167878581025
64,2024-03-05,0.9015333920236458,0.0016943439472633,0.2107674471428769,3.1012041096256917
65,2024-03-06,0.9031593462832028,0.001782654322515,0.2011069266923172,3.1091441429313873
66,2024-03-07,0.8990007365968354,-0.0002312040385816,0.1952793296304435,3.1106116490852007
67,2024-03-08,0.8945882356895767,0.0019957277761872,0.1896204711081208,3.1115627442660445
68,2024-03-09,0.8963433722150161,0.0020968158725704,0.1798724827557542,3.118922902931141
69,2024-03-10,0.8981612799144404,0.002219751936915,0.1700868925247606,3.1261215639356488
70,2024-03-11,0.8999652391624173,0.0023233431278752,0.1603106700875328,3.133222262573139
71,2024-03-12,0.9018561765904264,0.0024480273036207,0.1504671935926439,3.1402417519421486
72,2024-03-13,0.9037829466499736,0.0025393344776663,0.1406059340225012,3.1469837971137884
73,2024-03-14,0.8996794331237916,0.000554930628693,0.1348901250268394,3.1471184636884173
74,2024-03-15,0.9016279889755978,0.0006825453015847,0.1250187318381082,3.15328650111776
75,2024-03-16,0.9036590641168184,0.0008096280213915,0.1151039630979349,3.1591843035769727
76,2024-03-17,0.9056569910204793,0.0009284002165644,0.1052213758627585,3.164688716980656
77,2024-03-18,0.9018056632346156,0.0031142623727216,0.0994638599847631,3.1640843257359954
78,2024-03-19,0.9039153633857128,0.0032486734741897,0.0895280456155031,3.169210970040611
79,2024-03-20,0.9060597307786245,0.0033387794497408,0.0795792287913839,3.1741772566535973
80,2024-03-21,0.9020733680911122,0.0013855263296116,0.0740467674473528,3.1729348801901676
81,2024-03-22,0.9042486721804484,0.0015190292432447,0.0641071100224301,3.1774478074913377
82,2024-03-23,0.9065298459537368,0.0016429083972678,0.0541159905041077,3.1815349569408102
83,2024-03-24,0.9087571764167228,0.0017639253369668,0.0441964258146225,3.1851005512372277
84,2024-03-25,0.9111239525485656,0.001879309343379,0.0341945587333743,3.188372029618634
85,2024-03-26,0.9133852793401824,0.0019889264598133,0.0242872493137455,3.1910483887630434
86,2024-03-27,0.9097467200140812,0.000107280010037,0.0187439416498023,3.1887274029424337
87,2024-03-28,0.9121065242151868,0.0002224018524743,0.0088169499520199,3.190979065386374
88,2024-03-29,0.9145250679368396,0.0003480055282912,-0.0011075050566854,3.192908937594201
89,2024-03-30,0.9107909539543714,0.0024235075599084,-0.00642684092107,3.1900592945595756
90,2024-03-31,0.9132190525577316,0.0025080135902918,-0.0163057199962751,3.1914419300190264
91,2024-04-01,0.9157997830543688,0.002629710568852,-0.0262386131055826,3.1925869601290175
92,2024-04-02,0.918289673042568,0.0027371969186224,-0.0360992208060043,3.1933072081755096
93,2024-04-03,0.9145971789690782,0.0009083236273054,-0.0412393811704884,3.1898635149071266
94,2024-04-04,0.9171464393528708,0.0010037831631876,-0.0510372619190342,3.189851120904524
95,2024-04-05,0.9197276706074724,0.0011282612582123,-0.0608382346588095,3.1892331752056315
96,2024-04-06,0.9223158465942664,0.0012369673012218,-0.0705949198717141,3.1882101838429566
97,2024-04-07,0.9249478877029708,0.0013207609830188,-0.0803569391027937,3.186878525115368
98,2024-04-08,0.9275223978469548,0.0014161910943087,-0.090026048976896,3.1851049728723093
99,2024-04-09,0.9301780989283224,0.0015149979618739,-0.0997069028757692,3.1828961957088007
100,2024-04-10,0.9204590646671992,0.0015741169169973,-0.0997026193048917,3.1767985080427903
101,2024-04-11,0.9230975835255616,0.0016918215657247,-0.1092524030780681,3.1744763244294485
102,2024-04-12,0.9258232389741784,0.0017600312565935,-0.1188333829919349,3.1717253598529047
103,2024-04-13,0.9285634628078124,0.0018321464498185,-0.1283669290579925,3.1684767162156007
104,2024-04-14,0.931243504084304,0.001920612811706,-0.1377955724493051,3.1648031410985213
105,2024-04-15,0.9339691880791336,0.0020123879478907,-0.1471917567954311,3.1610228250625902
106,2024-04-16,0.9366590973474008,0.0020495004020647,-0.1565313435166529,3.156876254597132
107,2024-04-17,0.9332909549912358,0.0003472286917475,-0.1609613599660147,3.1523668834669185
108,2024-04-18,0.9360111598959272,0.0004182228907182,-0.1701995975892694,3.147883214462196
109,2024-04-19,0.938724971973187,0.0004551857345544,-0.1793448002195651,3.1431278416976554
110,2024-04-20,0.9414811476060624,0.0005375682838265,-0.188472300429625,3.1380378894081193
111,2024-04-21,0.944178082552414,0.000606251244069,-0.1974765724081075,3.132653388173682
112,2024-04-22,0.940752570442484,0.0023890173727298,-0.201479806192685,3.1281210703076785
113,2024-04-23,0.9435254616818578,0.0024346488193324,-0.2104076398833095,3.1226039233779086
114,2024-04-24,0.9463058769678024,0.0024685813641209,-0.2192713976806896,3.1170240863264445
115,2024-04-25,0.9426851233053738,0.0007894162907775,-0.2228564841668146,3.1126159243077445
116,2024-04-26,0.9454301596181288,0.0008241219294706,-0.2315347842399246,3.107070790795327
117,2024-04-27,0.9482003842195824,0.0008890070628474,-0.2401732476226762,3.1013505922151197
118,2024-04-28,0.9509597838697762,0.00090098955042,-0.2487153263683561,3.0954260390879322
119,2024-04-29,0.9535522782611818,0.0009534267347425,-0.2570481899054322,3.0895142355847085
120,2024-04-30,0.9563021412191912,0.0009757687764426,-0.2654275276164043,3.0835297958152847
121,2024-05-01,0.9589726675834358,0.0010139416944566,-0.2736812825470251,3.0775219745590134
122,2024-05-02,0.9616391629754978,0.0010227413287903,-0.2818159600483152,3.0715041379808032
123,2024-05-03,0.9582030999986146,0.0026389286280731,-0.2847928855706437,3.0674843783298638
124,2024-05-04,0.954367658969814,0.0010277776786335,-0.2873484654252227,3.0636373258669156
125,2024-05-05,0.957040827978314,0.0010338654221919,-0.2952337034906697,3.057657961736733
126,2024-05-06,0.9596324571351296,0.0010299738077998,-0.3029469550959313,3.0516468876358487
127,2024-05-07,0.9622038025587722,0.0010287936343036,-0.310567706694347,3.0457300559463794
128,2024-05-08,0.9648457542021396,0.0010235187245136,-0.3181586419089533,3.040015020776446
129,2024-05-09,0.967337216553222,0.0010204201436508,-0.3255248360234564,3.034582051915786
130,2024-05-10,0.969896771290716,0.0010474805030357,-0.3328321129120611,3.029334875122884
131,2024-05-11,0.9722747193942112,0.001021239564104,-0.3399209374343671,3.0242844712466037
132,2024-05-12,0.974735527480562,0.0009780825301013,-0.3469766094853327,3.019367490725772
133,2024-05-13,0.977134499708086,0.0009844759610206,-0.3538693655949413,3.0146311118560156
134,2024-05-14,0.9795691693176052,0.0009531454666756,-0.3606819523140808,3.0100502917340584
135,2024-05-15,0.9692422353719488,0.0009281964317096,-0.3565365423061394,3.0090323652275073
136,2024-05-16,0.9715617384906992,0.0008889871580519,-0.3630375325486547,3.004612710283449
137,2024-05-17,0.9737317882064828,0.000863187649938,-0.3693146600729522,3.0003793746188006
138,2024-05-18,0.9760379866067018,0.0008336813115682,-0.375596504173727,2.9962672008732016
139,2024-05-19,0.9782976529862708,0.0007999242464957,-0.3817271296821614,2.992329957504998
140,2024-05-20,0.9803524257089986,0.0007486567459261,-0.3875903453076087,2.9885920643158537
141,2024-05-21,0.9825222578749448,0.0007194546014159,-0.3934342683140728,2.984996725329535
142,2024-05-22,0.9845530520007836,0.0006450984135899,-0.3990295890645606,2.9815150838301987
143,2024-05-23,0.9865180986706008,0.0006084527080594,-0.4044647884103798,2.978127066043426
144,2024-05-24,0.9884877321561584,0.0005827316541009,-0.4098034696727008,2.974971720320273
145,2024-05-25,0.9903827932247532,0.0005064756233478,-0.4149410315678535,2.9719946583611776
146,2024-05-26,0.9922231210726288,0.0004249594662636,-0.4199279651131691,2.9691397018790653
147,2024-05-27,0.9940160588480184,0.0003897371352127,-0.4247540242958441,2.9664005035262178
148,2024-05-28,0.989597359275845,0.0017554033068425,-0.4240571348673858,2.9647943286490785
149,2024-05-29,0.9911716699785162,0.0016998776935493,-0.4284322425780983,2.9622976837927495
150,2024-05-30,0.9929084298366596,0.0016071722073894,-0.432857403858386,2.95984972438909
151,2024-05-31,0.994238720665742,0.0015517442347533,-0.4367880172548517,2.9575751522245985
152,2024-06-01,0.9958412292257024,0.0014538548838185,-0.4408458129215493,2.955336339185434
153,2024-06-02,0.9908254850062462,-1.2420214965149066e-05,-0.4389965217430102,2.954312430892349
154,2024-06-03,0.9921128155529996,-8.59895942713291e-05,-0.4425072624628485,2.9523254573805735
155,2024-06-04,0.9934298357033224,-0.0001596931525208,-0.4459317505146157,2.950410762620101
156,2024-06-05,0.9946343661321446,-0.000203744831738,-0.4491139108222597,2.948618742986472
157,2024-06-06,0.99590319819898,-0.0003013404750114,-0.452232142357912,2.946900907186684
158,2024-06-07,0.9969809679380406,-0.0003631828827872,-0.4550640241807322,2.945301400752853
159,2024-06-08,0.9979749701842956,-0.0004538124783352,-0.4576897943180635,2.9438137462076557
160,2024-06-09,0.998988027173068,-0.0005220367014288,-0.460200217963026,2.9424224868247615
161,2024-06-10,0.9997649516785232,-0.0006318733140592,-0.4623816073251641,2.9411667986197827
162,2024-06-11,1.0005391736807845,-0.0006948040412855,-0.4644150184236413,2.940022574294985
163,2024-06-12,1.0013112093221197,-0.0007823451883457,-0.4663130805137214,2.938980253290554
164,2024-06-13,1.0020296729431155,-0.0008615585511943,-0.4680257602922902,2.9380525780918303
165,2024-06-14,0.9960794735054456,0.0004031964645725,-0.4638005294757302,2.938365407545254
166,2024-06-15,0.9965740259431612,0.0003354532560015,-0.4650499888698131,2.93767031975838
167,2024-06-16,0.9970019171341442,0.0002468213430231,-0.466120892493859,2.9370770960620636
168,2024-06-17,0.9973274118702594,0.0001267363324422,-0.4669768304870749,2.9365956408302436
169,2024-06-18,0.9975823193976856,6.060856146886743e-05,-0.4676244655573578,2.9362358935342137
170,2024-06-19,0.9977037239617694,-2.4289539502364912e-05,-0.4680435085973602,2.935982634161953
171,2024-06-20,0.9977841650837438,-0.0001345908751076,-0.468277843097219,2.935846891008271
172,2024-06-21,0.997888192680568,-0.0001939486799472,-0.4684042164066887,2.935802428547019
173,2024-06-22,0.9977150033220612,-0.0002974564467841,-0.4681583152132069,2.9359023600369105
174,2024-06-23,0.99768399408006,-0.0003826794129753,-0.4678903163381298,2.936086078511301
175,2024-06-24,0.9973954595425852,-0.0004915945206801,-0.4672933920114153,2.936391791447099
176,2024-06-25,1.0035512299185092,0.0008279162396544,-0.4721780970180513,2.935712912653684
177,2024-06-26,1.0031480440695526,0.0007188359168328,-0.4711976415987867,2.936243669477322
178,2024-06-27,1.002703268577859,0.0006022932145336,-0.4700490716514212,2.9368795075510974
179,2024-06-28,1.0022149788839094,0.0005435866529935,-0.4687259127522716,2.9376251609023054
180,2024-06-29,1.0015591797893364,0.0004526969529552,-0.467133787027034,2.938491958247326
181,2024-06-30,1.000813992741109,0.0003983773731402,-0.465318279039086,2.939484414774392
182,2024-07-01,1.000139544985699,0.0003085334264197,-0.4634450565042636,2.940555709861634
183,2024-07-02,0.9994023167850375,0.0002206619821549,-0.4613602775590604,2.9417566678932734
184,2024-07-03,0.9984521659996046,0.0001372404428962,-0.4589982931449204,2.943065485056859
185,2024-07-04,0.9974943039001692,6.646976358821359e-05,-0.4564681774448139,2.9444983306047403
186,2024-07-05,0.9964175208990784,-9.774592357772146e-07,-0.4537322521408153,2.946027889545963
187,2024-07-06,0.9953283131622224,-9.01172708909763e-05,-0.4508371185825985,2.947666935899087
188,2024-07-07,0.9941963449189432,-0.0001728819188644,-0.4477836348578137,2.9493995136731517
189,2024-07-08,0.9929507827123188,-0.0002286007816065,-0.4445006201976968,2.951245237860388
190,2024-07-09,0.991546262436624,-0.0002989749241214,-0.440981459192287,2.9531857882786974
191,2024-07-10,0.9901961354207476,-0.0003507525061598,-0.4373430860154583,2.9552347311467857
192,2024-07-11,0.988763972877056,-0.0004076334284019,-0.4335448460996815,2.957362201424135
193,2024-07-12,0.9872099285966892,-0.0004816403615443,-0.4295095079130452,2.959609237634038
194,2024-07-13,0.9857255971009956,-0.0005536199364286,-0.4254011996398445,2.961947307593382
195,2024-07-14,0.996726946745864,-0.0006011026570544,-0.432018418091098,2.962301364607368
196,2024-07-15,0.9950544778675532,-0.0006862129374924,-0.4275172115665038,2.9648402897463866
197,2024-07-16,0.9932200812480322,-0.0007170473132504,-0.4227578678980528,2.9675025892524243
198,2024-07-17,0.9915135601638884,-0.0007655710583257,-0.4179679134549197,2.9702616801132398
199,2024-07-18,0.9896169258228156,-0.0008250430359065,-0.4129128405689634,2.9731525777886243
200,2024-07-19,0.9876853565107648,-0.0008622146748548,-0.4077338936877426,2.976161202224414
201,2024-07-20,0.9857820500747562,-0.0009147515281983,-0.4024429340334196,2.9793563542948567
202,2024-07-21,0.9837812292688572,-0.00095273802427,-0.3969564134042924,2.982810921744979
203,2024-07-22,0.9817007086026108,-0.0010014656457601,-0.3913046471921464,2.986278587141969
204,2024-07-23,0.9796319536211048,-0.0010318179177424,-0.3855336713062834,2.989888278229386
205,2024-07-24,0.977549149145296,-0.0010501312761672,-0.3796433516031648,2.9936624051743235
206,2024-07-25,0.9752815864948504,-0.0010786172885433,-0.3734956176323082,2.9976337323373032
207,2024-07-26,0.9731070114978858,-0.0011108453796622,-0.3673301358000976,3.001731184526787
208,2024-07-27,0.9708176226350465,-0.0011143781127851,-0.3609731853436989,3.005997974019992
209,2024-07-28,0.9749877002009188,0.0003748588284017,-0.3599917799510364,3.0086216377295236
210,2024-07-29,0.9727722163673874,0.0003694067971595,-0.3534673327148665,3.0130977604091496
211,2024-07-30,0.9764666500115264,-0.0011978069815547,-0.3518839154081169,3.0159890974647903
212,2024-07-31,0.9740518544268316,-0.0011927853774534,-0.3449843407806851,3.0207438981407915
213,2024-08-01,0.97164241177151,-0.0011720350940403,-0.3379892035063573,3.025651820487177
214,2024-08-02,0.9692021665096868,-0.0011935831255298,-0.3309005252358794,3.030695908846558
215,2024-08-03,0.9666943915368392,-0.0011854337379224,-0.3236469903059524,3.035942161721322
216,2024-08-04,0.9641257132271244,-0.0011803223100133,-0.3162478303170069,3.041407028004229
217,2024-08-05,0.9616460833655204,-0.0011693760265434,-0.3088376815719808,3.04706298572599
218,2024-08-06,0.959046485648102,-0.0011541314767448,-0.3012324406929301,3.052973432569117
219,2024-08-07,0.9564854966429738,-0.0011300340879154,-0.2935703837961276,3.0589273357256483
220,2024-08-08,0.953868271056192,-0.0011054999102007,-0.2857806831556935,3.064806305969589
221,2024-08-09,0.9577635987073212,-0.0026863008168117,-0.2833297116024428,3.0685677999926275
222,2024-08-10,0.961305069152458,-0.0010421041301294,-0.2804690647283678,3.0725437986250945
223,2024-08-11,0.9585033902994372,-0.0010442090839804,-0.2722772847100996,3.0785328524731326
224,2024-08-12,0.9559046598871518,-0.0009789718532447,-0.2641562622851314,3.084441146375909
225,2024-08-13,0.9531600225413992,-0.0009626636427226,-0.255841733698229,3.0903579110253725
226,2024-08-14,0.9505751721634946,-0.0008753086557047,-0.2475785826304428,3.0962037183886317
227,2024-08-15,0.9477932076510924,-0.0008399138315837,-0.2390853291350535,3.1020567103184136
228,2024-08-16,0.9451537463807098,-0.0007754144229321,-0.2306195839229907,3.107657580846127
229,2024-08-17,0.9487641071556736,-0.0024306164238795,-0.2272049679398754,3.1119274622408404
230,2024-08-18,0.9460374803841024,-0.002372693537929,-0.2185217372051797,3.1174553135115177
231,2024-08-19,0.9432902779289593,-0.0023252285273828,-0.2097647128518389,3.122960693275789
232,2024-08-20,0.94056376303693,-0.0022614223257552,-0.2009577104538291,3.128398101789352
233,2024-08-21,0.9379365603091656,-0.0022018834005719,-0.1921549127386737,3.133694995995688
234,2024-08-22,0.9414840298960884,-0.0003837753105113,-0.1882731252669572,3.138176481675194
235,2024-08-23,0.9387015115911912,-0.00028527248752,-0.1792185049872728,3.1431978509231753
236,2024-08-24,0.9360675431533636,-0.0002076639601421,-0.1702108829462998,3.1479003547926006
237,2024-08-25,0.9394937012564376,-0.0019076196800713,-0.1659923658101035,3.152345505084416
238,2024-08-26,0.9367708718659457,-0.0018238317683973,-0.1567956595938476,3.156745903081229
239,2024-08-27,0.9340557590062812,-0.0017309555321639,-0.1475688667532474,3.160825896293557
240,2024-08-28,0.9313806656985076,-0.0016397184053426,-0.138302410052507,3.1645735199004363
241,2024-08-29,0.928707291160708,-0.0015300865541214,-0.1289789457997076,3.1682082451203275
242,2024-08-30,0.9261199488842918,-0.0014447919170486,-0.119668941503972,3.1714731098030122
243,2024-08-31,0.9234335989925272,-0.0013382649890127,-0.1102202490474306,3.1742365515964903
244,2024-09-01,0.927163206479954,-0.0030552417596534,-0.1057587073248411,3.17846137095867
245,2024-09-02,0.9244882923789648,-0.0029795227252063,-0.0962258975026694,3.1807520214284017
246,2024-09-03,0.9279624681410444,-0.00103286889531,-0.0914230177595219,3.184833415018556
247,2024-09-04,0.925356250365482,-0.000879897908127,-0.0818580480676109,3.186623474385323
248,2024-09-05,0.9227984812235523,-0.0007771081787282,-0.0722783997694148,3.188011088448736
249,2024-09-06,0.9202583382393686,-0.0006443290131432,-0.062676247062179,3.1890814201637343
250,2024-09-07,0.9177028194221756,-0.0005111597511141,-0.0530235907241294,3.189786459814974
251,2024-09-08,0.9213263292736554,-0.0023388442818972,-0.0480406600642883,3.1933418779264113
252,2024-09-09,0.9188399210509516,-0.002212796073488,-0.038337479767187,3.1933456881725375
253,2024-09-10,0.9163728347704464,-0.002074472918486,-0.0286245263822381,3.1927475987563567
254,2024-09-11,0.913908268109177,-0.001923418332371,-0.0189022303057081,3.191748722126577
255,2024-09-12,0.9114582705091432,-0.0018216449933965,-0.0091307846987848,3.1904472487082476
256,2024-09-13,0.909089580200966,-0.0016627336183743,0.0005773364793979,3.1888208633078667
257,2024-09-14,0.9066617853204136,-0.0015602292085686,0.0103712815882415,3.186768127222241
258,2024-09-15,0.9106535139486877,-0.0033980786620225,0.0154690196911886,3.1895744388235103
259,2024-09-16,0.9141905024908988,-0.0012717254582799,0.0209378397517426,3.191865512223456
260,2024-09-17,0.9119002791311156,-0.0011427303268928,0.0307339887209435,3.189336288618736
261,2024-09-18,0.909661954517472,-0.0009974709182195,0.040503677637932,3.1863610565736766
262,2024-09-19,0.907444726933086,-0.0008555730644586,0.050300769141537,3.18298224101607
263,2024-09-20,0.9051842120655998,-0.0006896228345696,0.0601349627033789,3.1791409273033775
264,2024-09-21,0.9090812786213102,-0.0026070404689582,0.0655744785876528,3.180633357292955
265,2024-09-22,0.9069305400379916,-0.0024728026079527,0.0753624320305447,3.176143820572257
266,2024-09-23,0.904770434721402,-0.0023210972010452,0.0851704553507245,3.1713049880388766
267,2024-09-24,0.9027035123162236,-0.0021840719939361,0.0949587769736885,3.166354890274977
268,2024-09-25,0.9005939981108042,-0.0020515977944234,0.1047536636615647,3.1611427137076515
269,2024-09-26,0.8986060212923247,-0.0018832101218675,0.1144866425206422,3.1557392376736493
270,2024-09-27,0.896592559474121,-0.0017707568111613,0.1242525438954516,3.1499717304649972
271,2024-09-28,0.9066616634754,-0.0016226451458724,0.1256310508291528,3.156492994133715
272,2024-09-29,0.9047949561393872,-0.0014818501617072,0.135345766941571,3.150400972813324
273,2024-09-30,0.9028511094741064,-0.001327707740352,0.1450924153204652,3.143896336099612
274,2024-10-01,0.9010244171259124,-0.0012117279137853,0.1547671560648009,3.1371824375449746
275,2024-10-02,0.8991797770225632,-0.0010669323090877,0.164432622979063,3.1302003834976855
276,2024-10-03,0.8974495299228267,-0.0009191715186294,0.1740434227783416,3.123223817530698
277,2024-10-04,0.8956614023531229,-0.0007585488574648,0.1836740070465032,3.1160676837197534
278,2024-10-05,0.8999657109307861,-0.0027836937723137,0.1892433843240744,3.1152278438372103
279,2024-10-06,0.8983056926428933,-0.0026695254800822,0.1987998456682742,3.107764077463055
280,2024-10-07,0.8966556610991716,-0.0025468197433309,0.2083495648456911,3.1000266283038815
281,2024-10-08,0.895080284444292,-0.0024219500767723,0.2178198722137299,3.092125139819105
282,2024-10-09,0.899506190743822,-0.0001707572638904,0.2234025422169696,3.090524932531469
283,2024-10-10,0.8980099262114533,-3.644611894652763e-05,0.2328113507880753,3.0824922662221734
284,2024-10-11,0.9024281649322063,-0.0020664647804139,0.2384211283111559,3.08060579510114
285,2024-10-12,0.9009766726491456,-0.0019430960724867,0.247783633411736,3.072480194116929
286,2024-10-13,0.8995875688087503,-0.001860184266506,0.2570888842128625,3.064404723223589
287,2024-10-14,0.8982250837911386,-0.0017360773919405,0.2663549141741587,3.0564348660361245
288,2024-10-15,0.8969630428055364,-0.0016113842053146,0.2755522870281397,3.0486078380795623
289,2024-10-16,0.8956693549764745,-0.0015162214516687,0.2847148696389848,3.0407223734245394
290,2024-10-17,0.8944169895584556,-0.001426910733053,0.2938348941184506,3.0327309917082417
291,2024-10-18,0.8932353668283028,-0.0013219157598,0.3028683184742676,3.0247580771807483
292,2024-10-19,0.8981067128160148,-0.0034117202827573,0.3082202964665371,3.0224178163820965
293,2024-10-20,0.9028571789758604,-0.0011673269227519,0.3136512053896551,3.0199257295528255
294,2024-10-21,0.9018129896186572,-0.0010807865665376,0.3225387439527492,3.0121223941898347
295,2024-10-22,0.9008006173279052,-0.0009989734496224,0.3313627711196338,3.0043944893000707
296,2024-10-23,0.8998444667046379,-0.0009311509179622,0.3401355409915003,2.9967155427678853
297,2024-10-24,0.8989258467161647,-0.0008337417496742,0.3488292541934424,2.9891358404315436
298,2024-10-25,0.89803209044092,-0.0007663819663439,0.3574637228360595,2.9816288522701875
299,2024-10-26,0.8972288233170889,-0.0006802043682466,0.366004004356912,2.974259971510716
300,2024-10-27,0.9023795813537138,-0.0028486007307749,0.3710950317657356,2.97178592891822
301,2024-10-28,0.9016410661512044,-0.0027824906611258,0.3795074209732351,2.964629688494561
302,2024-10-29,0.9009300941993368,-0.0027467621249418,0.3878440234750633,2.957623842333228
303,2024-10-30,0.9060951454601264,-0.0005499870338594,0.3928580632776081,2.955351307952737
304,2024-10-31,0.9055306484587808,-0.0005083074748235,0.4010165173603889,2.9486134059084788
305,2024-11-01,0.9049279434615362,-0.0004536089605607,0.4091268709975209,2.9419397580783055
306,2024-11-02,0.9043922926867304,-0.0004258211476413,0.4171350844521396,2.9355783746359627
307,2024-11-03,0.9039259563016572,-0.0004053415478536,0.4250446601368292,2.9294839758821993
308,2024-11-04,0.9035250620353554,-0.0003887607943597,0.4328596445083099,2.923557080639412
309,2024-11-05,0.9089873298435426,-0.0025451799314924,0.4374581349936251,2.9219499709465637
310,2024-11-06,0.9086942559348902,-0.002556042857569,0.4450806526713174,2.91636527276703
311,2024-11-07,0.9083483120246378,-0.0025568372736156,0.4526163827534736,2.9109997662357006
312,2024-11-08,0.908105198264316,-0.0025686181632407,0.460038711649526,2.905904356628857
313,2024-11-09,0.9136978685323563,-0.0004423858304996,0.4643854373874297,2.904751802213304
314,2024-11-10,0.9134997332962148,-0.0004333062588319,0.4716167309831161,2.899802254696765
315,2024-11-11,0.9133658899789436,-0.0004527470088772,0.478706556899666,2.895062180460736
316,2024-11-12,0.9132359406749284,-0.0004823805196418,0.4857315710817219,2.8905350508502266
317,2024-11-13,0.9131860926482293,-0.0005167777127319,0.492599452992386,2.886237204573275
318,2024-11-14,0.913153570247733,-0.0005496682760238,0.499340158745715,2.8821067369655693
319,2024-11-15,0.9131420862998456,-0.0006078613710336,0.5059678395677278,2.87811944254942
320,2024-11-16,0.9191146011292852,-0.0027697360675932,0.5095993630573901,2.877571067181856
321,2024-11-17,0.9191942315696168,-0.0028470380473449,0.5159666623787831,2.873802743329891
322,2024-11-18,0.9250571636535596,-0.0007825116724733,0.5195147514728843,2.8733089103658855
323,2024-11-19,0.9251933859935272,-0.00085283844281,0.5256300407543179,2.869756095578136
324,2024-11-20,0.9253575513440389,-0.0009419211409196,0.5316142202531198,2.8663329261058235
325,2024-11-21,0.9255502356047192,-0.0010074597677541,0.5374412077656188,2.8630442370371796
326,2024-11-22,0.9257907740684982,-0.0010796673840515,0.543121137405607,2.8599133441744495
327,2024-11-23,0.926028623766025,-0.0011501452266357,0.5486786566508488,2.856946712227472
328,2024-11-24,0.926288528315077,-0.0012506767703944,0.5540472573373242,2.854180121722288
329,2024-11-25,0.9265510325322116,-0.0013540448021106,0.5592707853280544,2.851562989853513
330,2024-11-26,0.9268495858106688,-0.0014328153235492,0.5643507180440962,2.849082269197091
331,2024-11-27,0.92718878548811,-0.0015522980216175,0.5692553841738929,2.846748506225058
332,2024-11-28,0.9333347821580754,0.0004159830238334,0.5714156620933347,2.846455122394657
333,2024-11-29,0.933698689088285,0.0003072427831844,0.5760084602997129,2.844209793593009
334,2024-11-30,0.9340256460062832,0.0001970453041029,0.5804061199293796,2.8420851290681335
335,2024-12-01,0.9343720423114056,7.225049689958995e-05,0.5846444049195605,2.8400317379483786
336,2024-12-02,0.9347319274427288,-1.870321683535423e-05,0.5886807699345276,2.8380443569454177
337,2024-12-03,0.9350389966049724,-0.000157951951348,0.5925628272730887,2.836100276992305
338,2024-12-04,0.9354182094826814,-0.0002874416627824,0.5962361457661222,2.834271821590444
339,2024-12-05,0.9357736767557684,-0.000443018838057,0.5997199773040823,2.8325746081209133
340,2024-12-06,0.9361456595649368,-0.0005770919863873,0.6030051861885997,2.831019908694588
341,2024-12-07,0.9364487117662356,-0.0007168027250323,0.606110727067983,2.82957723461031
342,2024-12-08,0.936741224984344,-0.0008622182376276,0.6090113159750448,2.8282456058758734
343,2024-12-09,0.9429862088080654,0.0010298299948583,0.6093232258431085,2.8284655526789577
344,2024-12-10,0.943276943710418,0.0008748621317121,0.6118432802850176,2.827272853105962
345,2024-12-11,0.9435536075421056,0.0007426040923256,0.6141465119172905,2.8261864658087736
346,2024-12-12,0.9437840298752502,0.000582843834946,0.616254712813439,2.825191656802287
347,2024-12-13,0.944035594865504,0.0004253952216867,0.6181382126462284,2.8243056553260635
348,2024-12-14,0.944232946347468,0.0002940026317224,0.6198306124683685,2.8235089118785783
349,2024-12-15,0.944426164329176,0.0001127201441266,0.6212941502355198,2.822821054894154
350,2024-12-16,0.9445825022178944,-3.1586908309439034e-05,0.6225460262242367,2.822232326539061
351,2024-12-17,0.9447426828336528,-0.0001967468094208,0.6235794282822876,2.821746999530021
352,2024-12-18,0.9448387909792242,-0.0003471023287755,0.6244050855218825,2.821358300034568
353,2024-12-19,0.9449121903924996,-0.0005100903934145,0.6250062259014773,2.821075405406357
354,2024-12-20,0.9449646322595362,-0.0006743273721532,0.6254087585128341,2.820886103542608
355,2024-12-21,0.9450078930234622,-0.0008291521321455,0.6255666539900523,2.820812374914545
356,2024-12-22,0.9450109478152158,-0.0009900683756545,0.625516906811966,2.8208361671325535
357,2024-12-23,0.944990285984762,-0.0011473169019395,0.62524825350332,2.820963130318072
358,2024-12-24,0.944913979609221,-0.0013133093186058,0.6247646308770981,2.821190786803048
359,2024-12-25,0.9506066242444352,0.0005209397934767,0.6217714896416895,2.8228203165372774
360,2024-12-26,0.9504862002143302,0.0003819797436909,0.6208564455362355,2.8232678337028285
361,2024-12-27,0.9502920343589328,0.0002160245414794,0.6197099903265983,2.8238267597536493
362,2024-12-28,0.9501446646549256,2.234204864840408e-05,0.6183684073627719,2.8244853311085523
363,2024-12-29,0.944193454957099,0.0019212587589491,0.6190676359130228,2.8238682098179804
364,2024-12-30,0.9439158006180652,0.0017747199944468,0.6173091207512396,2.8246938514412214
365,2024-12-31,0.943672862089307,0.0016160114823495,0.6153263517639431,2.825628158556028
